AS201199,Box Internet Services SarlSwitzerland
AS397588,BOX Technology LLCCanada
AS19513,Box.com
AS394265,Box.comUnited States
AS33011,Box.comUnited States
AS6577,Cisco Webex LLCUnited States
AS9450,Webex Communications IncSingapore
AS13445,Cisco Webex LLC
AS16472,Cisco Webex LLCUnited States
AS40923,Fidelity
AS706,Advanced Workstations Division IBM CorporationUnited States
AS2140,IBM CorporationUnited States
AS2002,IBM CorporationUnited States
AS19765,IBM CorporationUnited States
AS1747,IBM T.J. Watson Research CenterUnited States
AS203652,IBM UK LimitedUnited Kingdom
AS205771,IBM United Kingdom LimitedUnited Kingdom
AS763,IBM United States
AS547,IBM United States
AS53496,IBM United States
AS53379,IBM United States
AS46589,IBM United States
AS46199,IBM United States
AS39982,IBM United States
AS395473,IBM United States
AS393850,IBM United States
AS36347,IBM United States
AS29834,IBM United States
AS27530,IBM United States
AS27477,IBM United States
AS26543,IBM United States
AS26062,IBM United States
AS2560,IBM United States
AS2538,IBM United States
AS23257,IBM United States
AS23145,IBM United States
AS1997,IBM United States
AS19898,IBM United States
AS19795,IBM United States
AS19604,IBM United States
AS19603,IBM United States
AS1956,IBM United States
AS19152,IBM United States
AS19093,IBM United States
AS19073,IBM United States
AS19057,IBM United States
AS18713,IBM United States
AS18703,IBM United States
AS1786,IBM United States
AS17390,IBM United States
AS15006,IBM United States
AS14926,IBM United States
AS14912,IBM United States
AS14904,IBM United States
AS10676,IBM United States
AS10659,IBM United States
AS36459,GitHub
